node,attributes
P1,{'bipartite': 'action'}
C17,{'bipartite': 'observation'}
C28,{'bipartite': 'observation'}
C477,{'bipartite': 'observation'}
C819,{'bipartite': 'observation'}
C851,{'bipartite': 'observation'}
C1928,{'bipartite': 'observation'}
C2492,{'bipartite': 'observation'}
C2692,{'bipartite': 'observation'}
C2991,{'bipartite': 'observation'}
C3494,{'bipartite': 'observation'}
C3558,{'bipartite': 'observation'}
C3809,{'bipartite': 'observation'}
C4005,{'bipartite': 'observation'}
C4430,{'bipartite': 'observation'}
C4508,{'bipartite': 'observation'}
C4862,{'bipartite': 'observation'}
C5327,{'bipartite': 'observation'}
C6333,{'bipartite': 'observation'}
C6930,{'bipartite': 'observation'}
C7302,{'bipartite': 'observation'}
C8778,{'bipartite': 'observation'}
C9335,{'bipartite': 'observation'}
C9572,{'bipartite': 'observation'}
C9638,{'bipartite': 'observation'}
C10201,{'bipartite': 'observation'}
C13979,{'bipartite': 'observation'}
C15206,{'bipartite': 'observation'}
C16101,{'bipartite': 'observation'}
C16404,{'bipartite': 'observation'}
C16460,{'bipartite': 'observation'}
C17092,{'bipartite': 'observation'}
C17695,{'bipartite': 'observation'}
C17796,{'bipartite': 'observation'}
C18790,{'bipartite': 'observation'}
C20270,{'bipartite': 'observation'}
C21209,{'bipartite': 'observation'}
C23297,{'bipartite': 'observation'}
C23556,{'bipartite': 'observation'}
C28037,{'bipartite': 'observation'}
C29074,{'bipartite': 'observation'}
C29310,{'bipartite': 'observation'}
C29735,{'bipartite': 'observation'}
C29864,{'bipartite': 'observation'}
C29949,{'bipartite': 'observation'}
C30502,{'bipartite': 'observation'}
C31131,{'bipartite': 'observation'}
C31167,{'bipartite': 'observation'}
C31262,{'bipartite': 'observation'}
C32544,{'bipartite': 'observation'}
C32603,{'bipartite': 'observation'}
C34038,{'bipartite': 'observation'}
C35597,{'bipartite': 'observation'}
C36130,{'bipartite': 'observation'}
C37319,{'bipartite': 'observation'}
C38530,{'bipartite': 'observation'}
C39646,{'bipartite': 'observation'}
C43687,{'bipartite': 'observation'}
C46415,{'bipartite': 'observation'}
C47230,{'bipartite': 'observation'}
C60643,{'bipartite': 'observation'}
C61883,{'bipartite': 'observation'}
C63735,{'bipartite': 'observation'}
C79703,{'bipartite': 'observation'}
C112125,{'bipartite': 'observation'}
C115786,{'bipartite': 'observation'}
C116021,{'bipartite': 'observation'}
C118115,{'bipartite': 'observation'}
C133261,{'bipartite': 'observation'}
C142546,{'bipartite': 'observation'}
C143793,{'bipartite': 'observation'}
C147856,{'bipartite': 'observation'}
C153797,{'bipartite': 'observation'}
C172345,{'bipartite': 'observation'}
C179103,{'bipartite': 'observation'}
C182135,{'bipartite': 'observation'}
C182360,{'bipartite': 'observation'}
C183998,{'bipartite': 'observation'}
C205708,{'bipartite': 'observation'}
C209572,{'bipartite': 'observation'}
C228087,{'bipartite': 'observation'}
C234886,{'bipartite': 'observation'}
C242610,{'bipartite': 'observation'}
C282384,{'bipartite': 'observation'}
C293881,{'bipartite': 'observation'}
C328713,{'bipartite': 'observation'}
C333666,{'bipartite': 'observation'}
C379321,{'bipartite': 'observation'}
C385008,{'bipartite': 'observation'}
C387325,{'bipartite': 'observation'}
C389008,{'bipartite': 'observation'}
C395294,{'bipartite': 'observation'}
C398213,{'bipartite': 'observation'}
C409663,{'bipartite': 'observation'}
C425620,{'bipartite': 'observation'}
C432769,{'bipartite': 'observation'}
C433642,{'bipartite': 'observation'}
C446984,{'bipartite': 'observation'}
C447013,{'bipartite': 'observation'}
C451493,{'bipartite': 'observation'}
C481366,{'bipartite': 'observation'}
C516849,{'bipartite': 'observation'}
C527098,{'bipartite': 'observation'}
C532567,{'bipartite': 'observation'}
C548956,{'bipartite': 'observation'}
C573906,{'bipartite': 'observation'}
C584114,{'bipartite': 'observation'}
C603381,{'bipartite': 'observation'}
C608422,{'bipartite': 'observation'}
C616107,{'bipartite': 'observation'}
C641893,{'bipartite': 'observation'}
C681834,{'bipartite': 'observation'}
C707355,{'bipartite': 'observation'}
C717163,{'bipartite': 'observation'}
C718846,{'bipartite': 'observation'}
C723116,{'bipartite': 'observation'}
C725571,{'bipartite': 'observation'}
C726143,{'bipartite': 'observation'}
C735311,{'bipartite': 'observation'}
C742553,{'bipartite': 'observation'}
C749126,{'bipartite': 'observation'}
C749714,{'bipartite': 'observation'}
C750075,{'bipartite': 'observation'}
C767225,{'bipartite': 'observation'}
C786521,{'bipartite': 'observation'}
C793333,{'bipartite': 'observation'}
C818059,{'bipartite': 'observation'}
C841757,{'bipartite': 'observation'}
C841761,{'bipartite': 'observation'}
C841764,{'bipartite': 'observation'}
C841772,{'bipartite': 'observation'}
C845639,{'bipartite': 'observation'}
C853237,{'bipartite': 'observation'}
C854590,{'bipartite': 'observation'}
C858038,{'bipartite': 'observation'}
C876119,{'bipartite': 'observation'}
C886846,{'bipartite': 'observation'}
C888845,{'bipartite': 'observation'}
C889279,{'bipartite': 'observation'}
C889967,{'bipartite': 'observation'}
C895905,{'bipartite': 'observation'}
C896076,{'bipartite': 'observation'}
C896133,{'bipartite': 'observation'}
C896227,{'bipartite': 'observation'}
C906476,{'bipartite': 'observation'}
C907645,{'bipartite': 'observation'}
C910357,{'bipartite': 'observation'}
C910372,{'bipartite': 'observation'}
C910696,{'bipartite': 'observation'}
C910830,{'bipartite': 'observation'}
C910983,{'bipartite': 'observation'}
C911023,{'bipartite': 'observation'}
C911350,{'bipartite': 'observation'}
C912145,{'bipartite': 'observation'}
C912930,{'bipartite': 'observation'}
C913001,{'bipartite': 'observation'}
C913618,{'bipartite': 'observation'}
C914722,{'bipartite': 'observation'}
C916606,{'bipartite': 'observation'}
C916865,{'bipartite': 'observation'}
C917926,{'bipartite': 'observation'}
C918011,{'bipartite': 'observation'}
C918099,{'bipartite': 'observation'}
C918287,{'bipartite': 'observation'}
C918524,{'bipartite': 'observation'}
C918596,{'bipartite': 'observation'}
C918644,{'bipartite': 'observation'}
C918650,{'bipartite': 'observation'}
C919469,{'bipartite': 'observation'}
C919599,{'bipartite': 'observation'}
C920112,{'bipartite': 'observation'}
C920532,{'bipartite': 'observation'}
C921129,{'bipartite': 'observation'}
C922344,{'bipartite': 'observation'}
C922372,{'bipartite': 'observation'}
C922760,{'bipartite': 'observation'}
C925017,{'bipartite': 'observation'}
C937062,{'bipartite': 'observation'}
P28,{'bipartite': 'action'}
C1,{'bipartite': 'observation'}
C181,{'bipartite': 'observation'}
C498,{'bipartite': 'observation'}
C13377,{'bipartite': 'observation'}
C16163,{'bipartite': 'observation'}
C20125,{'bipartite': 'observation'}
C20291,{'bipartite': 'observation'}
C25480,{'bipartite': 'observation'}
C29066,{'bipartite': 'observation'}
C33520,{'bipartite': 'observation'}
C35076,{'bipartite': 'observation'}
C53540,{'bipartite': 'observation'}
C66902,{'bipartite': 'observation'}
C81911,{'bipartite': 'observation'}
C117557,{'bipartite': 'observation'}
C151313,{'bipartite': 'observation'}
C182342,{'bipartite': 'observation'}
C213330,{'bipartite': 'observation'}
C216899,{'bipartite': 'observation'}
C218342,{'bipartite': 'observation'}
C230072,{'bipartite': 'observation'}
C262841,{'bipartite': 'observation'}
C378444,{'bipartite': 'observation'}
C388019,{'bipartite': 'observation'}
C445431,{'bipartite': 'observation'}
C450328,{'bipartite': 'observation'}
C450453,{'bipartite': 'observation'}
C450494,{'bipartite': 'observation'}
C485443,{'bipartite': 'observation'}
C499995,{'bipartite': 'observation'}
C506327,{'bipartite': 'observation'}
C728009,{'bipartite': 'observation'}
C736127,{'bipartite': 'observation'}
C746391,{'bipartite': 'observation'}
C751846,{'bipartite': 'observation'}
C753473,{'bipartite': 'observation'}
C758265,{'bipartite': 'observation'}
C769865,{'bipartite': 'observation'}
C792636,{'bipartite': 'observation'}
C798314,{'bipartite': 'observation'}
C815057,{'bipartite': 'observation'}
C819792,{'bipartite': 'observation'}
C831689,{'bipartite': 'observation'}
C848191,{'bipartite': 'observation'}
C889805,{'bipartite': 'observation'}
C907355,{'bipartite': 'observation'}
C907962,{'bipartite': 'observation'}
C911331,{'bipartite': 'observation'}
C914635,{'bipartite': 'observation'}
C914664,{'bipartite': 'observation'}
C922197,{'bipartite': 'observation'}
C922238,{'bipartite': 'observation'}
C922688,{'bipartite': 'observation'}
C922696,{'bipartite': 'observation'}
C923289,{'bipartite': 'observation'}
C923875,{'bipartite': 'observation'}
C924092,{'bipartite': 'observation'}
C931692,{'bipartite': 'observation'}
P354,{'bipartite': 'action'}
P377,{'bipartite': 'action'}
P477,{'bipartite': 'action'}
C1179,{'bipartite': 'observation'}
C34099,{'bipartite': 'observation'}
C79222,{'bipartite': 'observation'}
C93365,{'bipartite': 'observation'}
C227998,{'bipartite': 'observation'}
C251050,{'bipartite': 'observation'}
C301665,{'bipartite': 'observation'}
C321586,{'bipartite': 'observation'}
C327927,{'bipartite': 'observation'}
C332596,{'bipartite': 'observation'}
C367547,{'bipartite': 'observation'}
C386198,{'bipartite': 'observation'}
C427781,{'bipartite': 'observation'}
C460551,{'bipartite': 'observation'}
C526666,{'bipartite': 'observation'}
C531369,{'bipartite': 'observation'}
C723990,{'bipartite': 'observation'}
C752142,{'bipartite': 'observation'}
C759048,{'bipartite': 'observation'}
C767096,{'bipartite': 'observation'}
C781032,{'bipartite': 'observation'}
C801619,{'bipartite': 'observation'}
C817462,{'bipartite': 'observation'}
C839315,{'bipartite': 'observation'}
C854825,{'bipartite': 'observation'}
C906082,{'bipartite': 'observation'}
C936865,{'bipartite': 'observation'}
C956414,{'bipartite': 'observation'}
P549,{'bipartite': 'action'}
C630593,{'bipartite': 'observation'}
P642,{'bipartite': 'action'}
C110521,{'bipartite': 'observation'}
P714,{'bipartite': 'action'}
P819,{'bipartite': 'action'}
C16131,{'bipartite': 'observation'}
C22504,{'bipartite': 'observation'}
C64769,{'bipartite': 'observation'}
C187268,{'bipartite': 'observation'}
C364405,{'bipartite': 'observation'}
C439153,{'bipartite': 'observation'}
C439754,{'bipartite': 'observation'}
C450142,{'bipartite': 'observation'}
C467042,{'bipartite': 'observation'}
C828435,{'bipartite': 'observation'}
C858761,{'bipartite': 'observation'}
C913258,{'bipartite': 'observation'}
C916701,{'bipartite': 'observation'}
C917475,{'bipartite': 'observation'}
C918439,{'bipartite': 'observation'}
P850,{'bipartite': 'action'}
P910,{'bipartite': 'action'}
C1213,{'bipartite': 'observation'}
C402494,{'bipartite': 'observation'}
P947,{'bipartite': 'action'}
C282109,{'bipartite': 'observation'}
C725636,{'bipartite': 'observation'}
C914070,{'bipartite': 'observation'}
C918584,{'bipartite': 'observation'}
P1179,{'bipartite': 'action'}
P1213,{'bipartite': 'action'}
C10264,{'bipartite': 'observation'}
P2179,{'bipartite': 'action'}
P2527,{'bipartite': 'action'}
P2616,{'bipartite': 'action'}
C108264,{'bipartite': 'observation'}
C294211,{'bipartite': 'observation'}
C912561,{'bipartite': 'observation'}
C914874,{'bipartite': 'observation'}
P2692,{'bipartite': 'action'}
C32779,{'bipartite': 'observation'}
C111958,{'bipartite': 'observation'}
C140612,{'bipartite': 'observation'}
C412755,{'bipartite': 'observation'}
C439173,{'bipartite': 'observation'}
C447953,{'bipartite': 'observation'}
C448988,{'bipartite': 'observation'}
C450206,{'bipartite': 'observation'}
C700154,{'bipartite': 'observation'}
C750135,{'bipartite': 'observation'}
C760592,{'bipartite': 'observation'}
C819714,{'bipartite': 'observation'}
C826871,{'bipartite': 'observation'}
C841766,{'bipartite': 'observation'}
C841778,{'bipartite': 'observation'}
C845826,{'bipartite': 'observation'}
C879418,{'bipartite': 'observation'}
C894994,{'bipartite': 'observation'}
C906803,{'bipartite': 'observation'}
C907077,{'bipartite': 'observation'}
C910393,{'bipartite': 'observation'}
C913514,{'bipartite': 'observation'}
C914998,{'bipartite': 'observation'}
C916375,{'bipartite': 'observation'}
C916785,{'bipartite': 'observation'}
C917792,{'bipartite': 'observation'}
C917973,{'bipartite': 'observation'}
C917974,{'bipartite': 'observation'}
C918594,{'bipartite': 'observation'}
C918772,{'bipartite': 'observation'}
C919454,{'bipartite': 'observation'}
C919655,{'bipartite': 'observation'}
C920640,{'bipartite': 'observation'}
C922635,{'bipartite': 'observation'}
P2873,{'bipartite': 'action'}
C276449,{'bipartite': 'observation'}
C302289,{'bipartite': 'observation'}
C539664,{'bipartite': 'observation'}
P2991,{'bipartite': 'action'}
C567,{'bipartite': 'observation'}
C23598,{'bipartite': 'observation'}
C29323,{'bipartite': 'observation'}
C31696,{'bipartite': 'observation'}
C32435,{'bipartite': 'observation'}
C32764,{'bipartite': 'observation'}
C34112,{'bipartite': 'observation'}
C50936,{'bipartite': 'observation'}
C72173,{'bipartite': 'observation'}
C76981,{'bipartite': 'observation'}
C93594,{'bipartite': 'observation'}
C205018,{'bipartite': 'observation'}
C218533,{'bipartite': 'observation'}
C244260,{'bipartite': 'observation'}
C407448,{'bipartite': 'observation'}
C507734,{'bipartite': 'observation'}
C508088,{'bipartite': 'observation'}
C508627,{'bipartite': 'observation'}
C695447,{'bipartite': 'observation'}
C700254,{'bipartite': 'observation'}
C752288,{'bipartite': 'observation'}
C753997,{'bipartite': 'observation'}
C777293,{'bipartite': 'observation'}
C781821,{'bipartite': 'observation'}
C819815,{'bipartite': 'observation'}
C821648,{'bipartite': 'observation'}
C822226,{'bipartite': 'observation'}
C829300,{'bipartite': 'observation'}
C838794,{'bipartite': 'observation'}
C841754,{'bipartite': 'observation'}
C841768,{'bipartite': 'observation'}
C850917,{'bipartite': 'observation'}
C859190,{'bipartite': 'observation'}
C874344,{'bipartite': 'observation'}
C887116,{'bipartite': 'observation'}
C888953,{'bipartite': 'observation'}
C894424,{'bipartite': 'observation'}
C896046,{'bipartite': 'observation'}
C896387,{'bipartite': 'observation'}
C898752,{'bipartite': 'observation'}
C907299,{'bipartite': 'observation'}
C908161,{'bipartite': 'observation'}
C910887,{'bipartite': 'observation'}
C911896,{'bipartite': 'observation'}
C912207,{'bipartite': 'observation'}
C912350,{'bipartite': 'observation'}
C913262,{'bipartite': 'observation'}
C913675,{'bipartite': 'observation'}
C913732,{'bipartite': 'observation'}
C914157,{'bipartite': 'observation'}
C914181,{'bipartite': 'observation'}
C914665,{'bipartite': 'observation'}
C916262,{'bipartite': 'observation'}
C916709,{'bipartite': 'observation'}
C917599,{'bipartite': 'observation'}
C917756,{'bipartite': 'observation'}
C918042,{'bipartite': 'observation'}
C918326,{'bipartite': 'observation'}
C918971,{'bipartite': 'observation'}
C919211,{'bipartite': 'observation'}
C919936,{'bipartite': 'observation'}
C920683,{'bipartite': 'observation'}
C922573,{'bipartite': 'observation'}
C923942,{'bipartite': 'observation'}
C927836,{'bipartite': 'observation'}
P3057,{'bipartite': 'action'}
C64372,{'bipartite': 'observation'}
C336699,{'bipartite': 'observation'}
C922626,{'bipartite': 'observation'}
P3152,{'bipartite': 'action'}
P3376,{'bipartite': 'action'}
C96781,{'bipartite': 'observation'}
P3494,{'bipartite': 'action'}
C16988,{'bipartite': 'observation'}
C114062,{'bipartite': 'observation'}
C235833,{'bipartite': 'observation'}
C732799,{'bipartite': 'observation'}
C793248,{'bipartite': 'observation'}
C914894,{'bipartite': 'observation'}
P3558,{'bipartite': 'action'}
C2580,{'bipartite': 'observation'}
C2873,{'bipartite': 'observation'}
C5420,{'bipartite': 'observation'}
C5806,{'bipartite': 'observation'}
C19971,{'bipartite': 'observation'}
C32597,{'bipartite': 'observation'}
C174276,{'bipartite': 'observation'}
C272203,{'bipartite': 'observation'}
C281431,{'bipartite': 'observation'}
C317578,{'bipartite': 'observation'}
C452267,{'bipartite': 'observation'}
C455138,{'bipartite': 'observation'}
C523016,{'bipartite': 'observation'}
C560017,{'bipartite': 'observation'}
C654332,{'bipartite': 'observation'}
C751558,{'bipartite': 'observation'}
C751767,{'bipartite': 'observation'}
C754765,{'bipartite': 'observation'}
C841756,{'bipartite': 'observation'}
C841770,{'bipartite': 'observation'}
C841781,{'bipartite': 'observation'}
C848876,{'bipartite': 'observation'}
C917695,{'bipartite': 'observation'}
C922655,{'bipartite': 'observation'}
P3785,{'bipartite': 'action'}
P3809,{'bipartite': 'action'}
C14004,{'bipartite': 'observation'}
C20831,{'bipartite': 'observation'}
C31034,{'bipartite': 'observation'}
C143871,{'bipartite': 'observation'}
C155444,{'bipartite': 'observation'}
C254581,{'bipartite': 'observation'}
C420144,{'bipartite': 'observation'}
C535299,{'bipartite': 'observation'}
C664100,{'bipartite': 'observation'}
C749728,{'bipartite': 'observation'}
C753553,{'bipartite': 'observation'}
C818956,{'bipartite': 'observation'}
C886847,{'bipartite': 'observation'}
C904823,{'bipartite': 'observation'}
C917685,{'bipartite': 'observation'}
C926462,{'bipartite': 'observation'}
P4005,{'bipartite': 'action'}
P4079,{'bipartite': 'action'}
P4797,{'bipartite': 'action'}
C29248,{'bipartite': 'observation'}
C246213,{'bipartite': 'observation'}
C741119,{'bipartite': 'observation'}
C922902,{'bipartite': 'observation'}
P4862,{'bipartite': 'action'}
P4915,{'bipartite': 'action'}
C8652,{'bipartite': 'observation'}
C10999,{'bipartite': 'observation'}
C209195,{'bipartite': 'observation'}
C758998,{'bipartite': 'observation'}
C785312,{'bipartite': 'observation'}
C964887,{'bipartite': 'observation'}
P5179,{'bipartite': 'action'}
C3735,{'bipartite': 'observation'}
C168405,{'bipartite': 'observation'}
C171266,{'bipartite': 'observation'}
C739876,{'bipartite': 'observation'}
C745351,{'bipartite': 'observation'}
C826641,{'bipartite': 'observation'}
C910376,{'bipartite': 'observation'}
P5327,{'bipartite': 'action'}
C405746,{'bipartite': 'observation'}
P5420,{'bipartite': 'action'}
P6333,{'bipartite': 'action'}
P6581,{'bipartite': 'action'}
P6689,{'bipartite': 'action'}
C177080,{'bipartite': 'observation'}
C910920,{'bipartite': 'observation'}
C911022,{'bipartite': 'observation'}
P6930,{'bipartite': 'action'}
P6971,{'bipartite': 'action'}
P7302,{'bipartite': 'action'}
C182391,{'bipartite': 'observation'}
C603707,{'bipartite': 'observation'}
C605503,{'bipartite': 'observation'}
C605816,{'bipartite': 'observation'}
P7353,{'bipartite': 'action'}
P7504,{'bipartite': 'action'}
P7580,{'bipartite': 'action'}
P8778,{'bipartite': 'action'}
C13425,{'bipartite': 'observation'}
C17289,{'bipartite': 'observation'}
C24029,{'bipartite': 'observation'}
C32763,{'bipartite': 'observation'}
C32857,{'bipartite': 'observation'}
C36906,{'bipartite': 'observation'}
C37240,{'bipartite': 'observation'}
C37257,{'bipartite': 'observation'}
C48265,{'bipartite': 'observation'}
C53224,{'bipartite': 'observation'}
C149391,{'bipartite': 'observation'}
C155259,{'bipartite': 'observation'}
C247013,{'bipartite': 'observation'}
C323012,{'bipartite': 'observation'}
C407415,{'bipartite': 'observation'}
C469447,{'bipartite': 'observation'}
C572449,{'bipartite': 'observation'}
C572601,{'bipartite': 'observation'}
C651288,{'bipartite': 'observation'}
C683569,{'bipartite': 'observation'}
C686922,{'bipartite': 'observation'}
C722953,{'bipartite': 'observation'}
C741080,{'bipartite': 'observation'}
C748705,{'bipartite': 'observation'}
C756019,{'bipartite': 'observation'}
C762349,{'bipartite': 'observation'}
C772137,{'bipartite': 'observation'}
C784631,{'bipartite': 'observation'}
C791864,{'bipartite': 'observation'}
C792838,{'bipartite': 'observation'}
C811428,{'bipartite': 'observation'}
C812939,{'bipartite': 'observation'}
C837829,{'bipartite': 'observation'}
C841759,{'bipartite': 'observation'}
C841765,{'bipartite': 'observation'}
C841767,{'bipartite': 'observation'}
C842077,{'bipartite': 'observation'}
C846995,{'bipartite': 'observation'}
C847055,{'bipartite': 'observation'}
C848595,{'bipartite': 'observation'}
C866528,{'bipartite': 'observation'}
C889101,{'bipartite': 'observation'}
C900056,{'bipartite': 'observation'}
C900534,{'bipartite': 'observation'}
C911529,{'bipartite': 'observation'}
C913046,{'bipartite': 'observation'}
C913099,{'bipartite': 'observation'}
C913281,{'bipartite': 'observation'}
C914993,{'bipartite': 'observation'}
C915006,{'bipartite': 'observation'}
C917603,{'bipartite': 'observation'}
C917651,{'bipartite': 'observation'}
C917667,{'bipartite': 'observation'}
C917982,{'bipartite': 'observation'}
C920237,{'bipartite': 'observation'}
C922598,{'bipartite': 'observation'}
C922623,{'bipartite': 'observation'}
C922653,{'bipartite': 'observation'}
C922761,{'bipartite': 'observation'}
C923149,{'bipartite': 'observation'}
C923828,{'bipartite': 'observation'}
C923981,{'bipartite': 'observation'}
C924612,{'bipartite': 'observation'}
C924658,{'bipartite': 'observation'}
C924889,{'bipartite': 'observation'}
C927928,{'bipartite': 'observation'}
P9335,{'bipartite': 'action'}
C924007,{'bipartite': 'observation'}
P9572,{'bipartite': 'action'}
C29177,{'bipartite': 'observation'}
C157996,{'bipartite': 'observation'}
C436795,{'bipartite': 'observation'}
C861429,{'bipartite': 'observation'}
C932225,{'bipartite': 'observation'}
P9638,{'bipartite': 'action'}
P9706,{'bipartite': 'action'}
P10129,{'bipartite': 'action'}
P10285,{'bipartite': 'action'}
P10787,{'bipartite': 'action'}
C886842,{'bipartite': 'observation'}
P10980,{'bipartite': 'action'}
P10999,{'bipartite': 'action'}
C554,{'bipartite': 'observation'}
C41482,{'bipartite': 'observation'}
C166257,{'bipartite': 'observation'}
C214993,{'bipartite': 'observation'}
C233519,{'bipartite': 'observation'}
C782447,{'bipartite': 'observation'}
P11060,{'bipartite': 'action'}
P11882,{'bipartite': 'action'}
P12636,{'bipartite': 'action'}
C399831,{'bipartite': 'observation'}
P12677,{'bipartite': 'action'}
P12809,{'bipartite': 'action'}
C920281,{'bipartite': 'observation'}
C922728,{'bipartite': 'observation'}
P13200,{'bipartite': 'action'}
P13370,{'bipartite': 'action'}
C220060,{'bipartite': 'observation'}
C861707,{'bipartite': 'observation'}
P13377,{'bipartite': 'action'}
C910,{'bipartite': 'observation'}
C4259,{'bipartite': 'observation'}
C12677,{'bipartite': 'observation'}
C13370,{'bipartite': 'observation'}
C16743,{'bipartite': 'observation'}
C22798,{'bipartite': 'observation'}
C27457,{'bipartite': 'observation'}
C28726,{'bipartite': 'observation'}
C34086,{'bipartite': 'observation'}
C54686,{'bipartite': 'observation'}
C76164,{'bipartite': 'observation'}
C77293,{'bipartite': 'observation'}
C89190,{'bipartite': 'observation'}
C173265,{'bipartite': 'observation'}
C200077,{'bipartite': 'observation'}
C420773,{'bipartite': 'observation'}
C427159,{'bipartite': 'observation'}
C439185,{'bipartite': 'observation'}
C439802,{'bipartite': 'observation'}
C454967,{'bipartite': 'observation'}
C455103,{'bipartite': 'observation'}
C455515,{'bipartite': 'observation'}
C521589,{'bipartite': 'observation'}
C605848,{'bipartite': 'observation'}
C682395,{'bipartite': 'observation'}
C703639,{'bipartite': 'observation'}
C737012,{'bipartite': 'observation'}
C757411,{'bipartite': 'observation'}
C773740,{'bipartite': 'observation'}
C776201,{'bipartite': 'observation'}
C780211,{'bipartite': 'observation'}
C785793,{'bipartite': 'observation'}
C820350,{'bipartite': 'observation'}
C824735,{'bipartite': 'observation'}
C825811,{'bipartite': 'observation'}
C841758,{'bipartite': 'observation'}
C852073,{'bipartite': 'observation'}
C854423,{'bipartite': 'observation'}
C856301,{'bipartite': 'observation'}
C863178,{'bipartite': 'observation'}
C867879,{'bipartite': 'observation'}
C886350,{'bipartite': 'observation'}
C906485,{'bipartite': 'observation'}
C910595,{'bipartite': 'observation'}
C911282,{'bipartite': 'observation'}
C916269,{'bipartite': 'observation'}
C918952,{'bipartite': 'observation'}
C928735,{'bipartite': 'observation'}
P13444,{'bipartite': 'action'}
P13979,{'bipartite': 'action'}
P15206,{'bipartite': 'action'}
C170354,{'bipartite': 'observation'}
C201407,{'bipartite': 'observation'}
C874904,{'bipartite': 'observation'}
C904481,{'bipartite': 'observation'}
C923786,{'bipartite': 'observation'}
P15232,{'bipartite': 'action'}
P16101,{'bipartite': 'action'}
P16131,{'bipartite': 'action'}
P16163,{'bipartite': 'action'}
P16490,{'bipartite': 'action'}
P16743,{'bipartite': 'action'}
C421985,{'bipartite': 'observation'}
C498508,{'bipartite': 'observation'}
P16988,{'bipartite': 'action'}
P17401,{'bipartite': 'action'}
P17630,{'bipartite': 'action'}
P17695,{'bipartite': 'action'}
C1078,{'bipartite': 'observation'}
C14634,{'bipartite': 'observation'}
C31080,{'bipartite': 'observation'}
C44648,{'bipartite': 'observation'}
C65554,{'bipartite': 'observation'}
C108876,{'bipartite': 'observation'}
C114836,{'bipartite': 'observation'}
C141551,{'bipartite': 'observation'}
C142006,{'bipartite': 'observation'}
C187036,{'bipartite': 'observation'}
C222615,{'bipartite': 'observation'}
C225980,{'bipartite': 'observation'}
C232300,{'bipartite': 'observation'}
C238711,{'bipartite': 'observation'}
C251709,{'bipartite': 'observation'}
C254034,{'bipartite': 'observation'}
C333677,{'bipartite': 'observation'}
C349220,{'bipartite': 'observation'}
C363278,{'bipartite': 'observation'}
C402306,{'bipartite': 'observation'}
C414239,{'bipartite': 'observation'}
C449189,{'bipartite': 'observation'}
C493053,{'bipartite': 'observation'}
C547500,{'bipartite': 'observation'}
C618465,{'bipartite': 'observation'}
C629359,{'bipartite': 'observation'}
C660596,{'bipartite': 'observation'}
C699085,{'bipartite': 'observation'}
C749580,{'bipartite': 'observation'}
C750232,{'bipartite': 'observation'}
C754473,{'bipartite': 'observation'}
C755392,{'bipartite': 'observation'}
C758556,{'bipartite': 'observation'}
C762008,{'bipartite': 'observation'}
C765465,{'bipartite': 'observation'}
C766743,{'bipartite': 'observation'}
C767340,{'bipartite': 'observation'}
C771714,{'bipartite': 'observation'}
C773549,{'bipartite': 'observation'}
C776161,{'bipartite': 'observation'}
C789709,{'bipartite': 'observation'}
C794812,{'bipartite': 'observation'}
C795050,{'bipartite': 'observation'}
C795984,{'bipartite': 'observation'}
C807847,{'bipartite': 'observation'}
C819808,{'bipartite': 'observation'}
C821775,{'bipartite': 'observation'}
C829550,{'bipartite': 'observation'}
C841760,{'bipartite': 'observation'}
C841789,{'bipartite': 'observation'}
C847919,{'bipartite': 'observation'}
C848631,{'bipartite': 'observation'}
C850368,{'bipartite': 'observation'}
C852681,{'bipartite': 'observation'}
C856572,{'bipartite': 'observation'}
C860214,{'bipartite': 'observation'}
C865709,{'bipartite': 'observation'}
C871016,{'bipartite': 'observation'}
C879015,{'bipartite': 'observation'}
C885101,{'bipartite': 'observation'}
C886632,{'bipartite': 'observation'}
C886830,{'bipartite': 'observation'}
C888602,{'bipartite': 'observation'}
C895348,{'bipartite': 'observation'}
C895750,{'bipartite': 'observation'}
C898721,{'bipartite': 'observation'}
C901278,{'bipartite': 'observation'}
C906386,{'bipartite': 'observation'}
C910723,{'bipartite': 'observation'}
C910879,{'bipartite': 'observation'}
C910980,{'bipartite': 'observation'}
C911447,{'bipartite': 'observation'}
C912105,{'bipartite': 'observation'}
C912515,{'bipartite': 'observation'}
C913260,{'bipartite': 'observation'}
C914045,{'bipartite': 'observation'}
C914249,{'bipartite': 'observation'}
C914401,{'bipartite': 'observation'}
C914582,{'bipartite': 'observation'}
C914939,{'bipartite': 'observation'}
C916635,{'bipartite': 'observation'}
C916647,{'bipartite': 'observation'}
C917624,{'bipartite': 'observation'}
C917743,{'bipartite': 'observation'}
C917967,{'bipartite': 'observation'}
C918019,{'bipartite': 'observation'}
C918021,{'bipartite': 'observation'}
C918024,{'bipartite': 'observation'}
C918103,{'bipartite': 'observation'}
C918388,{'bipartite': 'observation'}
C918662,{'bipartite': 'observation'}
C918865,{'bipartite': 'observation'}
C919037,{'bipartite': 'observation'}
C919160,{'bipartite': 'observation'}
C919358,{'bipartite': 'observation'}
C919760,{'bipartite': 'observation'}
C921197,{'bipartite': 'observation'}
C922055,{'bipartite': 'observation'}
C922370,{'bipartite': 'observation'}
C922559,{'bipartite': 'observation'}
C922625,{'bipartite': 'observation'}
C922631,{'bipartite': 'observation'}
C922632,{'bipartite': 'observation'}
C922634,{'bipartite': 'observation'}
C922661,{'bipartite': 'observation'}
C922702,{'bipartite': 'observation'}
C922703,{'bipartite': 'observation'}
C922704,{'bipartite': 'observation'}
C922707,{'bipartite': 'observation'}
C923077,{'bipartite': 'observation'}
C923699,{'bipartite': 'observation'}
C927904,{'bipartite': 'observation'}
C927916,{'bipartite': 'observation'}
C990237,{'bipartite': 'observation'}
C991111,{'bipartite': 'observation'}
C1013206,{'bipartite': 'observation'}
C2145884,{'bipartite': 'observation'}
P17711,{'bipartite': 'action'}
P17796,{'bipartite': 'action'}
C795904,{'bipartite': 'observation'}
P18329,{'bipartite': 'action'}
C36281,{'bipartite': 'observation'}
C246848,{'bipartite': 'observation'}
C607522,{'bipartite': 'observation'}
C912525,{'bipartite': 'observation'}
C916948,{'bipartite': 'observation'}
C918457,{'bipartite': 'observation'}
C918605,{'bipartite': 'observation'}
C918614,{'bipartite': 'observation'}
C918764,{'bipartite': 'observation'}
P19073,{'bipartite': 'action'}
P19435,{'bipartite': 'action'}
C1169046,{'bipartite': 'observation'}
P19715,{'bipartite': 'action'}
P20125,{'bipartite': 'action'}
P20198,{'bipartite': 'action'}
P20600,{'bipartite': 'action'}
P21209,{'bipartite': 'action'}
P21370,{'bipartite': 'action'}
P21855,{'bipartite': 'action'}
P22504,{'bipartite': 'action'}
P22798,{'bipartite': 'action'}
P23297,{'bipartite': 'action'}
C754002,{'bipartite': 'observation'}
C808435,{'bipartite': 'observation'}
C895176,{'bipartite': 'observation'}
C917972,{'bipartite': 'observation'}
P23556,{'bipartite': 'action'}
P24521,{'bipartite': 'action'}
P24754,{'bipartite': 'action'}
P25160,{'bipartite': 'action'}
P25480,{'bipartite': 'action'}
P25718,{'bipartite': 'action'}
P25945,{'bipartite': 'action'}
C1105715,{'bipartite': 'observation'}
P26296,{'bipartite': 'action'}
P26610,{'bipartite': 'action'}
C182959,{'bipartite': 'observation'}
P26905,{'bipartite': 'action'}
P26992,{'bipartite': 'action'}
C602767,{'bipartite': 'observation'}
P27047,{'bipartite': 'action'}
P27212,{'bipartite': 'action'}
C31243,{'bipartite': 'observation'}
P27908,{'bipartite': 'action'}
P28037,{'bipartite': 'action'}
C864488,{'bipartite': 'observation'}
C873200,{'bipartite': 'observation'}
C912261,{'bipartite': 'observation'}
P28726,{'bipartite': 'action'}
P29066,{'bipartite': 'action'}
P29074,{'bipartite': 'action'}
P29248,{'bipartite': 'action'}
C4797,{'bipartite': 'observation'}
P29323,{'bipartite': 'action'}
P29392,{'bipartite': 'action'}
P29729,{'bipartite': 'action'}
P30731,{'bipartite': 'action'}
P31034,{'bipartite': 'action'}
P31080,{'bipartite': 'action'}
C149023,{'bipartite': 'observation'}
C173260,{'bipartite': 'observation'}
C384882,{'bipartite': 'observation'}
C521635,{'bipartite': 'observation'}
C907731,{'bipartite': 'observation'}
C914621,{'bipartite': 'observation'}
P32269,{'bipartite': 'action'}
P32652,{'bipartite': 'action'}
P32763,{'bipartite': 'action'}
C49977,{'bipartite': 'observation'}
C76555,{'bipartite': 'observation'}
C448271,{'bipartite': 'observation'}
C767716,{'bipartite': 'observation'}
C839229,{'bipartite': 'observation'}
C847193,{'bipartite': 'observation'}
C917990,{'bipartite': 'observation'}
C917995,{'bipartite': 'observation'}
C925029,{'bipartite': 'observation'}
P33569,{'bipartite': 'action'}
C553134,{'bipartite': 'observation'}
P33609,{'bipartite': 'action'}
P34038,{'bipartite': 'action'}
C818233,{'bipartite': 'observation'}
C882530,{'bipartite': 'observation'}
C922640,{'bipartite': 'observation'}
P34476,{'bipartite': 'action'}
P34488,{'bipartite': 'action'}
P35076,{'bipartite': 'action'}
C2527,{'bipartite': 'observation'}
C279834,{'bipartite': 'observation'}
P35948,{'bipartite': 'action'}
C965829,{'bipartite': 'observation'}
P36130,{'bipartite': 'action'}
P37319,{'bipartite': 'action'}
P38280,{'bipartite': 'action'}
P38482,{'bipartite': 'action'}
P38530,{'bipartite': 'action'}
P39752,{'bipartite': 'action'}
C62903,{'bipartite': 'observation'}
C79343,{'bipartite': 'observation'}
P41234,{'bipartite': 'action'}
C7550,{'bipartite': 'observation'}
C371230,{'bipartite': 'observation'}
C425694,{'bipartite': 'observation'}
C778545,{'bipartite': 'observation'}
C778979,{'bipartite': 'observation'}
C881577,{'bipartite': 'observation'}
C914606,{'bipartite': 'observation'}
P42513,{'bipartite': 'action'}
P43815,{'bipartite': 'action'}
P45587,{'bipartite': 'action'}
P46415,{'bipartite': 'action'}
P48178,{'bipartite': 'action'}
P49094,{'bipartite': 'action'}
P50920,{'bipartite': 'action'}
P51061,{'bipartite': 'action'}
P52839,{'bipartite': 'action'}
P53540,{'bipartite': 'action'}
C86412,{'bipartite': 'observation'}
P53702,{'bipartite': 'action'}
P53860,{'bipartite': 'action'}
C646624,{'bipartite': 'observation'}
P54686,{'bipartite': 'action'}
P56029,{'bipartite': 'action'}
P59227,{'bipartite': 'action'}
C769235,{'bipartite': 'observation'}
C850955,{'bipartite': 'observation'}
P59233,{'bipartite': 'action'}
C841668,{'bipartite': 'observation'}
C886874,{'bipartite': 'observation'}
P59776,{'bipartite': 'action'}
P60643,{'bipartite': 'action'}
C145914,{'bipartite': 'observation'}
P61883,{'bipartite': 'action'}
C18329,{'bipartite': 'observation'}
C622505,{'bipartite': 'observation'}
P63000,{'bipartite': 'action'}
P63792,{'bipartite': 'action'}
P64372,{'bipartite': 'action'}
P65083,{'bipartite': 'action'}
P66538,{'bipartite': 'action'}
P67428,{'bipartite': 'action'}
P68722,{'bipartite': 'action'}
P71302,{'bipartite': 'action'}
P71824,{'bipartite': 'action'}
P72173,{'bipartite': 'action'}
P72880,{'bipartite': 'action'}
C61909,{'bipartite': 'observation'}
P78845,{'bipartite': 'action'}
P80832,{'bipartite': 'action'}
C761830,{'bipartite': 'observation'}
P81261,{'bipartite': 'action'}
C4721,{'bipartite': 'observation'}
C80832,{'bipartite': 'observation'}
C924012,{'bipartite': 'observation'}
C1453834,{'bipartite': 'observation'}
C1985563,{'bipartite': 'observation'}
P81911,{'bipartite': 'action'}
P84426,{'bipartite': 'action'}
P84719,{'bipartite': 'action'}
P84767,{'bipartite': 'action'}
P85921,{'bipartite': 'action'}
P86412,{'bipartite': 'action'}
P88577,{'bipartite': 'action'}
C2111627,{'bipartite': 'observation'}
P91922,{'bipartite': 'action'}
P94012,{'bipartite': 'action'}
P94051,{'bipartite': 'action'}
C6689,{'bipartite': 'observation'}
C104877,{'bipartite': 'observation'}
P94819,{'bipartite': 'action'}
P97992,{'bipartite': 'action'}
C748664,{'bipartite': 'observation'}
P98355,{'bipartite': 'action'}
P102040,{'bipartite': 'action'}
C546699,{'bipartite': 'observation'}
C922588,{'bipartite': 'observation'}
P104025,{'bipartite': 'action'}
P108264,{'bipartite': 'action'}
C452159,{'bipartite': 'observation'}
P108450,{'bipartite': 'action'}
P108876,{'bipartite': 'action'}
P109346,{'bipartite': 'action'}
P110521,{'bipartite': 'action'}
P111330,{'bipartite': 'action'}
P113689,{'bipartite': 'action'}
P115392,{'bipartite': 'action'}
P116021,{'bipartite': 'action'}
P121021,{'bipartite': 'action'}
P128628,{'bipartite': 'action'}
P132849,{'bipartite': 'action'}
P133261,{'bipartite': 'action'}
P139257,{'bipartite': 'action'}
P140956,{'bipartite': 'action'}
P141551,{'bipartite': 'action'}
C210688,{'bipartite': 'observation'}
C393367,{'bipartite': 'observation'}
C918993,{'bipartite': 'observation'}
P143067,{'bipartite': 'action'}
P147672,{'bipartite': 'action'}
P147856,{'bipartite': 'action'}
P147884,{'bipartite': 'action'}
P152024,{'bipartite': 'action'}
P155080,{'bipartite': 'action'}
P155444,{'bipartite': 'action'}
P165078,{'bipartite': 'action'}
C53351,{'bipartite': 'observation'}
C796704,{'bipartite': 'observation'}
P165479,{'bipartite': 'action'}
P166257,{'bipartite': 'action'}
P168545,{'bipartite': 'action'}
P168642,{'bipartite': 'action'}
P170354,{'bipartite': 'action'}
P171454,{'bipartite': 'action'}
C753475,{'bipartite': 'observation'}
P172345,{'bipartite': 'action'}
C922610,{'bipartite': 'observation'}
P174202,{'bipartite': 'action'}
P175865,{'bipartite': 'action'}
P179103,{'bipartite': 'action'}
C5,{'bipartite': 'observation'}
C536,{'bipartite': 'observation'}
C714,{'bipartite': 'observation'}
C7592,{'bipartite': 'observation'}
C21331,{'bipartite': 'observation'}
C422579,{'bipartite': 'observation'}
C427485,{'bipartite': 'observation'}
C499209,{'bipartite': 'observation'}
C584086,{'bipartite': 'observation'}
C584975,{'bipartite': 'observation'}
C708295,{'bipartite': 'observation'}
C720616,{'bipartite': 'observation'}
C744639,{'bipartite': 'observation'}
C769088,{'bipartite': 'observation'}
C777398,{'bipartite': 'observation'}
C777705,{'bipartite': 'observation'}
C793644,{'bipartite': 'observation'}
C820794,{'bipartite': 'observation'}
C845782,{'bipartite': 'observation'}
C876652,{'bipartite': 'observation'}
C896378,{'bipartite': 'observation'}
C914531,{'bipartite': 'observation'}
C917673,{'bipartite': 'observation'}
C917688,{'bipartite': 'observation'}
C918401,{'bipartite': 'observation'}
C918416,{'bipartite': 'observation'}
C919205,{'bipartite': 'observation'}
C919380,{'bipartite': 'observation'}
C924709,{'bipartite': 'observation'}
P179313,{'bipartite': 'action'}
P180811,{'bipartite': 'action'}
P181537,{'bipartite': 'action'}
P181940,{'bipartite': 'action'}
C286920,{'bipartite': 'observation'}
P183791,{'bipartite': 'action'}
P183998,{'bipartite': 'action'}
C751214,{'bipartite': 'observation'}
P185467,{'bipartite': 'action'}
P195878,{'bipartite': 'action'}
P202818,{'bipartite': 'action'}
P205018,{'bipartite': 'action'}
P205278,{'bipartite': 'action'}
P206709,{'bipartite': 'action'}
P209572,{'bipartite': 'action'}
C726367,{'bipartite': 'observation'}
C812002,{'bipartite': 'observation'}
C900764,{'bipartite': 'observation'}
P213330,{'bipartite': 'action'}
P214993,{'bipartite': 'action'}
P216168,{'bipartite': 'action'}
P216905,{'bipartite': 'action'}
P217901,{'bipartite': 'action'}
P217955,{'bipartite': 'action'}
C912539,{'bipartite': 'observation'}
C929066,{'bipartite': 'observation'}
P218710,{'bipartite': 'action'}
P222263,{'bipartite': 'action'}
P227567,{'bipartite': 'action'}
P228087,{'bipartite': 'action'}
P228173,{'bipartite': 'action'}
P228955,{'bipartite': 'action'}
P230072,{'bipartite': 'action'}
P230350,{'bipartite': 'action'}
P233217,{'bipartite': 'action'}
C990168,{'bipartite': 'observation'}
P242224,{'bipartite': 'action'}
C913541,{'bipartite': 'observation'}
P242610,{'bipartite': 'action'}
P246983,{'bipartite': 'action'}
P247683,{'bipartite': 'action'}
C439124,{'bipartite': 'observation'}
P250191,{'bipartite': 'action'}
P250566,{'bipartite': 'action'}
P252354,{'bipartite': 'action'}
P252388,{'bipartite': 'action'}
P254706,{'bipartite': 'action'}
P257373,{'bipartite': 'action'}
P258652,{'bipartite': 'action'}
P263075,{'bipartite': 'action'}
C2449494,{'bipartite': 'observation'}
P264427,{'bipartite': 'action'}
P264861,{'bipartite': 'action'}
P266742,{'bipartite': 'action'}
P270365,{'bipartite': 'action'}
P275627,{'bipartite': 'action'}
P275891,{'bipartite': 'action'}
P279834,{'bipartite': 'action'}
C44845,{'bipartite': 'observation'}
C142370,{'bipartite': 'observation'}
C734462,{'bipartite': 'observation'}
C817501,{'bipartite': 'observation'}
P280431,{'bipartite': 'action'}
P281095,{'bipartite': 'action'}
P282384,{'bipartite': 'action'}
P282658,{'bipartite': 'action'}
P284060,{'bipartite': 'action'}
P285024,{'bipartite': 'action'}
P290522,{'bipartite': 'action'}
P292007,{'bipartite': 'action'}
C544599,{'bipartite': 'observation'}
P293881,{'bipartite': 'action'}
P294211,{'bipartite': 'action'}
C419870,{'bipartite': 'observation'}
C430964,{'bipartite': 'observation'}
C518439,{'bipartite': 'observation'}
C914949,{'bipartite': 'observation'}
C917761,{'bipartite': 'observation'}
C920517,{'bipartite': 'observation'}
C922673,{'bipartite': 'observation'}
C930800,{'bipartite': 'observation'}
P295807,{'bipartite': 'action'}
P297045,{'bipartite': 'action'}
P302562,{'bipartite': 'action'}
P306396,{'bipartite': 'action'}
P306481,{'bipartite': 'action'}
P309476,{'bipartite': 'action'}
P310151,{'bipartite': 'action'}
P314610,{'bipartite': 'action'}
P314738,{'bipartite': 'action'}
P317487,{'bipartite': 'action'}
P317669,{'bipartite': 'action'}
P318515,{'bipartite': 'action'}
P320666,{'bipartite': 'action'}
P321478,{'bipartite': 'action'}
P321586,{'bipartite': 'action'}
P327525,{'bipartite': 'action'}
P328713,{'bipartite': 'action'}
P330695,{'bipartite': 'action'}
P330921,{'bipartite': 'action'}
P333666,{'bipartite': 'action'}
P336699,{'bipartite': 'action'}
C158791,{'bipartite': 'observation'}
C757124,{'bipartite': 'observation'}
C893125,{'bipartite': 'observation'}
C920571,{'bipartite': 'observation'}
P343333,{'bipartite': 'action'}
P346436,{'bipartite': 'action'}
P347228,{'bipartite': 'action'}
P356291,{'bipartite': 'action'}
P363007,{'bipartite': 'action'}
P364405,{'bipartite': 'action'}
P369566,{'bipartite': 'action'}
P373869,{'bipartite': 'action'}
C439753,{'bipartite': 'observation'}
C906639,{'bipartite': 'observation'}
C918505,{'bipartite': 'observation'}
C923708,{'bipartite': 'observation'}
P383643,{'bipartite': 'action'}
P384718,{'bipartite': 'action'}
P385008,{'bipartite': 'action'}
C845312,{'bipartite': 'observation'}
P385459,{'bipartite': 'action'}
P386198,{'bipartite': 'action'}
P388712,{'bipartite': 'action'}
P391870,{'bipartite': 'action'}
P395294,{'bipartite': 'action'}
C928238,{'bipartite': 'observation'}
P395425,{'bipartite': 'action'}
P396990,{'bipartite': 'action'}
P398099,{'bipartite': 'action'}
P398213,{'bipartite': 'action'}
C219503,{'bipartite': 'observation'}
P399516,{'bipartite': 'action'}
P399948,{'bipartite': 'action'}
P403851,{'bipartite': 'action'}
P407448,{'bipartite': 'action'}
P409010,{'bipartite': 'action'}
P409663,{'bipartite': 'action'}
P412803,{'bipartite': 'action'}
P418684,{'bipartite': 'action'}
P419371,{'bipartite': 'action'}
P420716,{'bipartite': 'action'}
P422579,{'bipartite': 'action'}
P423501,{'bipartite': 'action'}
P424109,{'bipartite': 'action'}
P424266,{'bipartite': 'action'}
P424633,{'bipartite': 'action'}
P425620,{'bipartite': 'action'}
C20369,{'bipartite': 'observation'}
C64377,{'bipartite': 'observation'}
C89029,{'bipartite': 'observation'}
C137952,{'bipartite': 'observation'}
C218413,{'bipartite': 'observation'}
C242884,{'bipartite': 'observation'}
C270085,{'bipartite': 'observation'}
C279449,{'bipartite': 'observation'}
C389223,{'bipartite': 'observation'}
C629155,{'bipartite': 'observation'}
C739597,{'bipartite': 'observation'}
C788371,{'bipartite': 'observation'}
C791120,{'bipartite': 'observation'}
C808806,{'bipartite': 'observation'}
C832466,{'bipartite': 'observation'}
C861479,{'bipartite': 'observation'}
C879351,{'bipartite': 'observation'}
C910405,{'bipartite': 'observation'}
C914637,{'bipartite': 'observation'}
C916933,{'bipartite': 'observation'}
C921095,{'bipartite': 'observation'}
C922613,{'bipartite': 'observation'}
P425992,{'bipartite': 'action'}
P426793,{'bipartite': 'action'}
C791010,{'bipartite': 'observation'}
P427781,{'bipartite': 'action'}
P427782,{'bipartite': 'action'}
P429066,{'bipartite': 'action'}
P434305,{'bipartite': 'action'}
P435598,{'bipartite': 'action'}
P435874,{'bipartite': 'action'}
P438488,{'bipartite': 'action'}
P440489,{'bipartite': 'action'}
P440756,{'bipartite': 'action'}
P442780,{'bipartite': 'action'}
P445370,{'bipartite': 'action'}
P446984,{'bipartite': 'action'}
P447152,{'bipartite': 'action'}
P448304,{'bipartite': 'action'}
P450483,{'bipartite': 'action'}
P450494,{'bipartite': 'action'}
C170807,{'bipartite': 'observation'}
P450556,{'bipartite': 'action'}
P451364,{'bipartite': 'action'}
C937190,{'bipartite': 'observation'}
P452267,{'bipartite': 'action'}
P456270,{'bipartite': 'action'}
P458755,{'bipartite': 'action'}
P459300,{'bipartite': 'action'}
P459714,{'bipartite': 'action'}
P460803,{'bipartite': 'action'}
P461506,{'bipartite': 'action'}
P472970,{'bipartite': 'action'}
P476404,{'bipartite': 'action'}
P477643,{'bipartite': 'action'}
C666739,{'bipartite': 'observation'}
C747601,{'bipartite': 'observation'}
P485443,{'bipartite': 'action'}
P490794,{'bipartite': 'action'}
C586434,{'bipartite': 'observation'}
P491170,{'bipartite': 'action'}
P491917,{'bipartite': 'action'}
P499995,{'bipartite': 'action'}
C920437,{'bipartite': 'observation'}
P501151,{'bipartite': 'action'}
P506327,{'bipartite': 'action'}
C835313,{'bipartite': 'observation'}
C924507,{'bipartite': 'observation'}
P507754,{'bipartite': 'action'}
P510442,{'bipartite': 'action'}
C316082,{'bipartite': 'observation'}
C439279,{'bipartite': 'observation'}
C828533,{'bipartite': 'observation'}
C849226,{'bipartite': 'observation'}
C920469,{'bipartite': 'observation'}
C924373,{'bipartite': 'observation'}
P516849,{'bipartite': 'action'}
P517712,{'bipartite': 'action'}
P517807,{'bipartite': 'action'}
P520840,{'bipartite': 'action'}
P523371,{'bipartite': 'action'}
P526329,{'bipartite': 'action'}
P526666,{'bipartite': 'action'}
P527710,{'bipartite': 'action'}
P527980,{'bipartite': 'action'}
P532330,{'bipartite': 'action'}
P534001,{'bipartite': 'action'}
P534826,{'bipartite': 'action'}
P536220,{'bipartite': 'action'}
P539881,{'bipartite': 'action'}
P540632,{'bipartite': 'action'}
P541014,{'bipartite': 'action'}
P541146,{'bipartite': 'action'}
P550722,{'bipartite': 'action'}
P552664,{'bipartite': 'action'}
P560165,{'bipartite': 'action'}
P564595,{'bipartite': 'action'}
P574531,{'bipartite': 'action'}
P579740,{'bipartite': 'action'}
P582536,{'bipartite': 'action'}
P593075,{'bipartite': 'action'}
C561537,{'bipartite': 'observation'}
P599784,{'bipartite': 'action'}
C576382,{'bipartite': 'observation'}
P601423,{'bipartite': 'action'}
P601645,{'bipartite': 'action'}
P601707,{'bipartite': 'action'}
C879203,{'bipartite': 'observation'}
P604948,{'bipartite': 'action'}
P607522,{'bipartite': 'action'}
P614583,{'bipartite': 'action'}
P622593,{'bipartite': 'action'}
C18871,{'bipartite': 'observation'}
P623286,{'bipartite': 'action'}
P626605,{'bipartite': 'action'}
P627895,{'bipartite': 'action'}
P629749,{'bipartite': 'action'}
P641347,{'bipartite': 'action'}
C924179,{'bipartite': 'observation'}
P643758,{'bipartite': 'action'}
P645378,{'bipartite': 'action'}
P646850,{'bipartite': 'action'}
P647854,{'bipartite': 'action'}
P653224,{'bipartite': 'action'}
P654155,{'bipartite': 'action'}
P660596,{'bipartite': 'action'}
P668224,{'bipartite': 'action'}
P677256,{'bipartite': 'action'}
C85904,{'bipartite': 'observation'}
C1467267,{'bipartite': 'observation'}
P681834,{'bipartite': 'action'}
P688188,{'bipartite': 'action'}
P691165,{'bipartite': 'action'}
P691642,{'bipartite': 'action'}
P693506,{'bipartite': 'action'}
P697682,{'bipartite': 'action'}
P699883,{'bipartite': 'action'}
C845952,{'bipartite': 'observation'}
C847009,{'bipartite': 'observation'}
C894711,{'bipartite': 'observation'}
C919444,{'bipartite': 'observation'}
P702299,{'bipartite': 'action'}
P703696,{'bipartite': 'action'}
P703773,{'bipartite': 'action'}
P709032,{'bipartite': 'action'}
P716083,{'bipartite': 'action'}
P718846,{'bipartite': 'action'}
P723990,{'bipartite': 'action'}
P724908,{'bipartite': 'action'}
P725571,{'bipartite': 'action'}
C642564,{'bipartite': 'observation'}
C906794,{'bipartite': 'observation'}
C912073,{'bipartite': 'observation'}
P725697,{'bipartite': 'action'}
P726060,{'bipartite': 'action'}
C910255,{'bipartite': 'observation'}
P728009,{'bipartite': 'action'}
P729195,{'bipartite': 'action'}
P730509,{'bipartite': 'action'}
P732799,{'bipartite': 'action'}
P735311,{'bipartite': 'action'}
C30968,{'bipartite': 'observation'}
C477432,{'bipartite': 'observation'}
P736005,{'bipartite': 'action'}
P736966,{'bipartite': 'action'}
P740274,{'bipartite': 'action'}
P740345,{'bipartite': 'action'}
C757544,{'bipartite': 'observation'}
P741608,{'bipartite': 'action'}
P741877,{'bipartite': 'action'}
P745274,{'bipartite': 'action'}
P747022,{'bipartite': 'action'}
P747360,{'bipartite': 'action'}
C4939,{'bipartite': 'observation'}
C918530,{'bipartite': 'observation'}
P747502,{'bipartite': 'action'}
P747867,{'bipartite': 'action'}
P748372,{'bipartite': 'action'}
P748705,{'bipartite': 'action'}
P749022,{'bipartite': 'action'}
P752343,{'bipartite': 'action'}
P754002,{'bipartite': 'action'}
P754639,{'bipartite': 'action'}
P755672,{'bipartite': 'action'}
P756324,{'bipartite': 'action'}
P758556,{'bipartite': 'action'}
P762653,{'bipartite': 'action'}
P762683,{'bipartite': 'action'}
P762836,{'bipartite': 'action'}
C933608,{'bipartite': 'observation'}
P764581,{'bipartite': 'action'}
P766577,{'bipartite': 'action'}
P769088,{'bipartite': 'action'}
P769610,{'bipartite': 'action'}
C918434,{'bipartite': 'observation'}
P773549,{'bipartite': 'action'}
P773740,{'bipartite': 'action'}
P776526,{'bipartite': 'action'}
P776740,{'bipartite': 'action'}
P777567,{'bipartite': 'action'}
C453711,{'bipartite': 'observation'}
P777896,{'bipartite': 'action'}
P780304,{'bipartite': 'action'}
P780527,{'bipartite': 'action'}
P781032,{'bipartite': 'action'}
P782447,{'bipartite': 'action'}
C313905,{'bipartite': 'observation'}
P788316,{'bipartite': 'action'}
P788371,{'bipartite': 'action'}
C904421,{'bipartite': 'observation'}
P791120,{'bipartite': 'action'}
P791925,{'bipartite': 'action'}
P792515,{'bipartite': 'action'}
C910752,{'bipartite': 'observation'}
P792636,{'bipartite': 'action'}
P794812,{'bipartite': 'action'}
P795626,{'bipartite': 'action'}
P796339,{'bipartite': 'action'}
P806332,{'bipartite': 'action'}
P810143,{'bipartite': 'action'}
C921070,{'bipartite': 'observation'}
P811506,{'bipartite': 'action'}
P812002,{'bipartite': 'action'}
P816909,{'bipartite': 'action'}
P817314,{'bipartite': 'action'}
P817462,{'bipartite': 'action'}
P822226,{'bipartite': 'action'}
P825479,{'bipartite': 'action'}
P825567,{'bipartite': 'action'}
C797418,{'bipartite': 'observation'}
P825811,{'bipartite': 'action'}
P826641,{'bipartite': 'action'}
P827082,{'bipartite': 'action'}
P828394,{'bipartite': 'action'}
P835105,{'bipartite': 'action'}
P835313,{'bipartite': 'action'}
P836114,{'bipartite': 'action'}
P839257,{'bipartite': 'action'}
C793283,{'bipartite': 'observation'}
P842874,{'bipartite': 'action'}
C522036,{'bipartite': 'observation'}
P847193,{'bipartite': 'action'}
P854537,{'bipartite': 'action'}
C258200,{'bipartite': 'observation'}
P856084,{'bipartite': 'action'}
P859194,{'bipartite': 'action'}
P860826,{'bipartite': 'action'}
P863131,{'bipartite': 'action'}
P866528,{'bipartite': 'action'}
P866533,{'bipartite': 'action'}
P866783,{'bipartite': 'action'}
P868220,{'bipartite': 'action'}
P873505,{'bipartite': 'action'}
P879015,{'bipartite': 'action'}
P881577,{'bipartite': 'action'}
P881946,{'bipartite': 'action'}
P892862,{'bipartite': 'action'}
C747070,{'bipartite': 'observation'}
P893125,{'bipartite': 'action'}
P895905,{'bipartite': 'action'}
P896378,{'bipartite': 'action'}
P896705,{'bipartite': 'action'}
P898720,{'bipartite': 'action'}
P898721,{'bipartite': 'action'}
P899639,{'bipartite': 'action'}
P900859,{'bipartite': 'action'}
P901404,{'bipartite': 'action'}
P904914,{'bipartite': 'action'}
P908696,{'bipartite': 'action'}
P910983,{'bipartite': 'action'}
P911375,{'bipartite': 'action'}
C549,{'bipartite': 'observation'}
P912166,{'bipartite': 'action'}
P913104,{'bipartite': 'action'}
P913219,{'bipartite': 'action'}
P913831,{'bipartite': 'action'}
P914070,{'bipartite': 'action'}
P914288,{'bipartite': 'action'}
C861270,{'bipartite': 'observation'}
P914944,{'bipartite': 'action'}
P917390,{'bipartite': 'action'}
P918287,{'bipartite': 'action'}
P918627,{'bipartite': 'action'}
P918798,{'bipartite': 'action'}
P919006,{'bipartite': 'action'}
P922635,{'bipartite': 'action'}
P923795,{'bipartite': 'action'}
P930085,{'bipartite': 'action'}
P930184,{'bipartite': 'action'}
P931973,{'bipartite': 'action'}
P934497,{'bipartite': 'action'}
C838744,{'bipartite': 'observation'}
P937036,{'bipartite': 'action'}
P946388,{'bipartite': 'action'}
C911352,{'bipartite': 'observation'}
P946567,{'bipartite': 'action'}
P952718,{'bipartite': 'action'}
P960119,{'bipartite': 'action'}
P967882,{'bipartite': 'action'}
P977825,{'bipartite': 'action'}
P990237,{'bipartite': 'action'}
P996996,{'bipartite': 'action'}
P999066,{'bipartite': 'action'}
P1005353,{'bipartite': 'action'}
P1011812,{'bipartite': 'action'}
P1020162,{'bipartite': 'action'}
P1020372,{'bipartite': 'action'}
P1022225,{'bipartite': 'action'}
P1024452,{'bipartite': 'action'}
P1027806,{'bipartite': 'action'}
P1034830,{'bipartite': 'action'}
P1050698,{'bipartite': 'action'}
P1056080,{'bipartite': 'action'}
P1077222,{'bipartite': 'action'}
C741313,{'bipartite': 'observation'}
C861642,{'bipartite': 'observation'}
C942683,{'bipartite': 'observation'}
P1082970,{'bipartite': 'action'}
P1088442,{'bipartite': 'action'}
P1105715,{'bipartite': 'action'}
P1106202,{'bipartite': 'action'}
P1124134,{'bipartite': 'action'}
P1125668,{'bipartite': 'action'}
P1140282,{'bipartite': 'action'}
P1149476,{'bipartite': 'action'}
P1160263,{'bipartite': 'action'}
P1163777,{'bipartite': 'action'}
P1167123,{'bipartite': 'action'}
P1178311,{'bipartite': 'action'}
P1194047,{'bipartite': 'action'}
P1301409,{'bipartite': 'action'}
P1305207,{'bipartite': 'action'}
P1309897,{'bipartite': 'action'}
P1336731,{'bipartite': 'action'}
P1365659,{'bipartite': 'action'}
C643392,{'bipartite': 'observation'}
P1368710,{'bipartite': 'action'}
P1384157,{'bipartite': 'action'}
P1390992,{'bipartite': 'action'}
P1404660,{'bipartite': 'action'}
C1413231,{'bipartite': 'observation'}
P1404843,{'bipartite': 'action'}
P1412565,{'bipartite': 'action'}
P1430725,{'bipartite': 'action'}
P1439513,{'bipartite': 'action'}
P1441483,{'bipartite': 'action'}
P1442162,{'bipartite': 'action'}
P1455426,{'bipartite': 'action'}
P1467267,{'bipartite': 'action'}
P1475331,{'bipartite': 'action'}
P1490864,{'bipartite': 'action'}
P1494485,{'bipartite': 'action'}
P1530852,{'bipartite': 'action'}
P1542326,{'bipartite': 'action'}
P1557505,{'bipartite': 'action'}
P1566366,{'bipartite': 'action'}
P1644409,{'bipartite': 'action'}
P1660725,{'bipartite': 'action'}
P1673632,{'bipartite': 'action'}
P1676726,{'bipartite': 'action'}
P1694403,{'bipartite': 'action'}
P1772002,{'bipartite': 'action'}
C794059,{'bipartite': 'observation'}
P1786169,{'bipartite': 'action'}
P1790012,{'bipartite': 'action'}
P1814657,{'bipartite': 'action'}
C34476,{'bipartite': 'observation'}
P1873085,{'bipartite': 'action'}
P1896177,{'bipartite': 'action'}
P2111627,{'bipartite': 'action'}
P2163837,{'bipartite': 'action'}
P2172861,{'bipartite': 'action'}
P2227657,{'bipartite': 'action'}
P2296918,{'bipartite': 'action'}
P2311715,{'bipartite': 'action'}
P2385296,{'bipartite': 'action'}
P2413764,{'bipartite': 'action'}
P2450498,{'bipartite': 'action'}
P2509089,{'bipartite': 'action'}
C324863,{'bipartite': 'observation'}
C536329,{'bipartite': 'observation'}
P2721932,{'bipartite': 'action'}
P2792059,{'bipartite': 'action'}
P2812261,{'bipartite': 'action'}
P2917974,{'bipartite': 'action'}
P2928255,{'bipartite': 'action'}
P3073277,{'bipartite': 'action'}
P3197341,{'bipartite': 'action'}
P3394545,{'bipartite': 'action'}
P3765410,{'bipartite': 'action'}
